<?xml version="1.0" encoding="UTF-8"?>
<metadata xml:lang="es"><Esri><CreaDate>20250710</CreaDate><CreaTime>15224300</CreaTime><ArcGISFormat>1.0</ArcGISFormat><SyncOnce>FALSE</SyncOnce><DataProperties><lineage><Process ToolSource="c:\program files (x86)\arcgis\desktop10.5\ArcToolbox\Toolboxes\Data Management Tools.tbx\Project" Date="20170417" Time="113821">Project Geocron_RegNoreste C:\Users\dfhuerta\Documents\ArcGIS\Default.gdb\Geocron_RegNoreste_Project PROJCS['WGS_1984_Lambert_Conformal_Conic',GEOGCS['GCS_WGS_1984',DATUM['D_WGS_1984',SPHEROID['WGS_1984',6378137.0,298.257223563]],PRIMEM['Greenwich',0.0],UNIT['Degree',0.0174532925199433]],PROJECTION['Lambert_Conformal_Conic'],PARAMETER['False_Easting',2500000.0],PARAMETER['False_Northing',0.0],PARAMETER['Central_Meridian',-102.0],PARAMETER['Standard_Parallel_1',17.5],PARAMETER['Standard_Parallel_2',29.5],PARAMETER['Latitude_Of_Origin',12.0],UNIT['Meter',1.0]] # GEOGCS['GCS_WGS_1984',DATUM['D_WGS_1984',SPHEROID['WGS_1984',6378137.0,298.257223563]],PRIMEM['Greenwich',0.0],UNIT['Degree',0.0174532925199433]] NO_PRESERVE_SHAPE # NO_VERTICAL</Process><Process ToolSource="c:\program files (x86)\arcgis\desktop10.2\ArcToolbox\Toolboxes\Data Management Tools.tbx\CalculateField" Date="20171009" Time="160659">CalculateField RegNoreste_Geocron REFERENCIA "Pallares et al., 2008" VB #</Process><Process ToolSource="c:\program files (x86)\arcgis\desktop10.5\ArcToolbox\Toolboxes\Data Management Tools.tbx\Merge" Date="20180219" Time="124801">Merge Geocron_RegNoreste;RegOccidente_Geocron_;Geochronology_RegCentro D:\Procesos\2018\EdadesIsotopicas\Union_BCS_SON_NLTAM.shp "OBJECTID "OBJECTID" true true false 10 Long 0 10 ,First,#,Geocron_RegNoreste,OBJECTID,-1,-1;DES_CLAV "DES_CLAV" true true false 254 Text 0 0 ,First,#,Geocron_RegNoreste,DES_CLAV,-1,-1,RegOccidente_Geocron_,DES_CLAV,-1,-1,Geochronology_RegCentro,DES_CLAV,-1,-1;RANGO_MA "RANGO_MA" true true false 254 Text 0 0 ,First,#,Geocron_RegNoreste,RANGO_MA,-1,-1,RegOccidente_Geocron_,RANGO_MA,-1,-1,Geochronology_RegCentro,RANGO_MA,-1,-1;NUMERO "NUMERO" true true false 19 Double 0 0 ,First,#,Geocron_RegNoreste,NUMERO,-1,-1,RegOccidente_Geocron_,NUMERO,-1,-1,Geochronology_RegCentro,NUMERO,-1,-1;MUESTRA "MUESTRA" true true false 254 Text 0 0 ,First,#,Geocron_RegNoreste,MUESTRA,-1,-1,RegOccidente_Geocron_,MUESTRA,-1,-1,Geochronology_RegCentro,MUESTRA,-1,-1;ESTADO "ESTADO" true true false 254 Text 0 0 ,First,#,Geocron_RegNoreste,ESTADO,-1,-1,RegOccidente_Geocron_,ESTADO,-1,-1,Geochronology_RegCentro,ESTADO,-1,-1;LONG "LONG" true true false 19 Double 0 0 ,First,#,Geocron_RegNoreste,LONG,-1,-1,RegOccidente_Geocron_,LONG,-1,-1,Geochronology_RegCentro,LONG,-1,-1;LAT "LAT" true true false 19 Double 0 0 ,First,#,Geocron_RegNoreste,LAT,-1,-1,RegOccidente_Geocron_,LAT,-1,-1,Geochronology_RegCentro,LAT,-1,-1;X_WGS84 "X_WGS84" true true false 254 Text 0 0 ,First,#,Geocron_RegNoreste,X_WGS84,-1,-1,RegOccidente_Geocron_,X_WGS84,-1,-1,Geochronology_RegCentro,X_WGS84,-1,-1;Y_WGS84 "Y_WGS84" true true false 254 Text 0 0 ,First,#,Geocron_RegNoreste,Y_WGS84,-1,-1,RegOccidente_Geocron_,Y_WGS84,-1,-1,Geochronology_RegCentro,Y_WGS84,-1,-1;ZONA "ZONA" true true false 254 Text 0 0 ,First,#,Geocron_RegNoreste,ZONA,-1,-1,RegOccidente_Geocron_,ZONA,-1,-1,Geochronology_RegCentro,ZONA,-1,-1;CARTA_250 "CARTA_250" true true false 254 Text 0 0 ,First,#,Geocron_RegNoreste,CARTA_250,-1,-1,RegOccidente_Geocron_,CARTA_250,-1,-1,Geochronology_RegCentro,CARTA_250,-1,-1;CARTA_50 "CARTA_50" true true false 254 Text 0 0 ,First,#,Geocron_RegNoreste,CARTA_50,-1,-1,RegOccidente_Geocron_,CARTA_50,-1,-1,Geochronology_RegCentro,CARTA_50,-1,-1;TIPO_ROCA "TIPO_ROCA" true true false 254 Text 0 0 ,First,#,Geocron_RegNoreste,TIPO_ROCA,-1,-1,RegOccidente_Geocron_,TIPO_ROCA,-1,-1,Geochronology_RegCentro,TIPO_ROCA,-1,-1;ROCA "ROCA" true true false 254 Text 0 0 ,First,#,Geocron_RegNoreste,ROCA,-1,-1,RegOccidente_Geocron_,ROCA,-1,-1,Geochronology_RegCentro,ROCA,-1,-1;METODO "METODO" true true false 254 Text 0 0 ,First,#,Geocron_RegNoreste,METODO,-1,-1,RegOccidente_Geocron_,METODO,-1,-1,Geochronology_RegCentro,METODO,-1,-1;MINERAL "MINERAL" true true false 254 Text 0 0 ,First,#,Geocron_RegNoreste,MINERAL,-1,-1,RegOccidente_Geocron_,MINERAL,-1,-1,Geochronology_RegCentro,MINERAL,-1,-1;EDAD_MA "EDAD_MA" true true false 254 Text 0 0 ,First,#,Geocron_RegNoreste,EDAD_MA,-1,-1,RegOccidente_Geocron_,EDAD_MA,-1,-1,Geochronology_RegCentro,EDAD_MA,-1,-1;ERROR "ERROR" true true false 19 Double 0 0 ,First,#,Geocron_RegNoreste,ERROR,-1,-1,RegOccidente_Geocron_,ERROR,-1,-1,Geochronology_RegCentro,ERROR,-1,-1;TIPO_EDAD "TIPO_EDAD" true true false 254 Text 0 0 ,First,#,Geocron_RegNoreste,TIPO_EDAD,-1,-1,RegOccidente_Geocron_,TIPO_EDAD,-1,-1,Geochronology_RegCentro,TIPO_EDAD,-1,-1;HEREDADOS "HEREDADOS" true true false 254 Text 0 0 ,First,#,Geocron_RegNoreste,HEREDADOS,-1,-1,RegOccidente_Geocron_,HEREDADOS,-1,-1,Geochronology_RegCentro,HEREDADOS,-1,-1;REFERENCIA "REFERENCIA" true true false 254 Text 0 0 ,First,#,Geocron_RegNoreste,REFERENCIA,-1,-1,RegOccidente_Geocron_,REFERENCIA,-1,-1,Geochronology_RegCentro,REFERENCIA,-1,-1;UNIDAD "UNIDAD" true true false 254 Text 0 0 ,First,#,Geocron_RegNoreste,UNIDAD,-1,-1,RegOccidente_Geocron_,UNIDAD,-1,-1,Geochronology_RegCentro,UNIDAD,-1,-1;LOC_TIPO "LOC_TIPO" true true false 254 Text 0 0 ,First,#,Geocron_RegNoreste,LOC_TIPO,-1,-1,RegOccidente_Geocron_,LOC_TIPO,-1,-1,Geochronology_RegCentro,LOC_TIPO,-1,-1;OBSERVA "OBSERVA" true true false 254 Text 0 0 ,First,#,Geocron_RegNoreste,OBSERVA,-1,-1,RegOccidente_Geocron_,OBSERVA,-1,-1,Geochronology_RegCentro,OBSERVA,-1,-1;PROYE "PROYE" true true false 254 Text 0 0 ,First,#,Geocron_RegNoreste,PROYE,-1,-1,RegOccidente_Geocron_,PROYE,-1,-1,Geochronology_RegCentro,PROYE,-1,-1;Y_ORG "Y_ORG" true true false 254 Text 0 0 ,First,#,Geocron_RegNoreste,Y_ORG,-1,-1,RegOccidente_Geocron_,Y_ORG,-1,-1,Geochronology_RegCentro,Y_ORG,-1,-1;X_ORG "X_ORG" true true false 254 Text 0 0 ,First,#,Geocron_RegNoreste,X_ORG,-1,-1,RegOccidente_Geocron_,X_ORG,-1,-1,Geochronology_RegCentro,X_ORG,-1,-1;EDAD_MA_ET "EDAD_MA_ET" true true false 254 Text 0 0 ,First,#,Geocron_RegNoreste,EDAD_MA_ET,-1,-1,RegOccidente_Geocron_,EDAD_MA_ET,-1,-1"</Process><Process ToolSource="c:\program files (x86)\arcgis\desktop10.5\ArcToolbox\Toolboxes\Data Management Tools.tbx\Merge" Date="20180219" Time="125803">Merge Union_BCS_SON_NLTAM;CHIHUAHUA D:\Procesos\2018\EdadesIsotopicas\Union_Chih_Todos.shp "DES_CLAV "DES_CLAV" true true false 254 Text 0 0 ,First,#,Union_BCS_SON_NLTAM,DES_CLAV,-1,-1,CHIHUAHUA,DES_CLAV,-1,-1;RANGO_MA "RANGO_MA" true true false 254 Text 0 0 ,First,#,Union_BCS_SON_NLTAM,RANGO_MA,-1,-1,CHIHUAHUA,RANGO_MA,-1,-1;NUMERO "NUMERO" true true false 19 Double 0 0 ,First,#,Union_BCS_SON_NLTAM,NUMERO,-1,-1,CHIHUAHUA,NUMERO,-1,-1;MUESTRA "MUESTRA" true true false 254 Text 0 0 ,First,#,Union_BCS_SON_NLTAM,MUESTRA,-1,-1,CHIHUAHUA,MUESTRA,-1,-1;ESTADO "ESTADO" true true false 254 Text 0 0 ,First,#,Union_BCS_SON_NLTAM,ESTADO,-1,-1,CHIHUAHUA,ESTADO,-1,-1;LONG "LONG" true true false 19 Double 0 0 ,First,#,Union_BCS_SON_NLTAM,LONG,-1,-1,CHIHUAHUA,LONG,-1,-1;LAT "LAT" true true false 19 Double 0 0 ,First,#,Union_BCS_SON_NLTAM,LAT,-1,-1,CHIHUAHUA,LAT,-1,-1;X_WGS84 "X_WGS84" true true false 254 Text 0 0 ,First,#,Union_BCS_SON_NLTAM,X_WGS84,-1,-1,CHIHUAHUA,X_WGS84,-1,-1;Y_WGS84 "Y_WGS84" true true false 254 Text 0 0 ,First,#,Union_BCS_SON_NLTAM,Y_WGS84,-1,-1,CHIHUAHUA,Y_WGS84,-1,-1;CARTA_250 "CARTA_250" true true false 254 Text 0 0 ,First,#,Union_BCS_SON_NLTAM,CARTA_250,-1,-1,CHIHUAHUA,CARTA_250,-1,-1;CARTA_50 "CARTA_50" true true false 254 Text 0 0 ,First,#,Union_BCS_SON_NLTAM,CARTA_50,-1,-1,CHIHUAHUA,CARTA_50,-1,-1;TIPO_ROCA "TIPO_ROCA" true true false 254 Text 0 0 ,First,#,Union_BCS_SON_NLTAM,TIPO_ROCA,-1,-1;ROCA "ROCA" true true false 254 Text 0 0 ,First,#,Union_BCS_SON_NLTAM,ROCA,-1,-1,CHIHUAHUA,ROCA,-1,-1;METODO "METODO" true true false 254 Text 0 0 ,First,#,Union_BCS_SON_NLTAM,METODO,-1,-1,CHIHUAHUA,METODO,-1,-1;MINERAL "MINERAL" true true false 254 Text 0 0 ,First,#,Union_BCS_SON_NLTAM,MINERAL,-1,-1,CHIHUAHUA,MINERAL,-1,-1;EDAD_MA "EDAD_MA" true true false 254 Text 0 0 ,First,#,Union_BCS_SON_NLTAM,EDAD_MA,-1,-1,CHIHUAHUA,EDAD_MA,-1,-1;ERROR "ERROR" true true false 19 Double 0 0 ,First,#,Union_BCS_SON_NLTAM,ERROR,-1,-1,CHIHUAHUA,ERROR,-1,-1;TIPO_EDAD "TIPO_EDAD" true true false 254 Text 0 0 ,First,#,Union_BCS_SON_NLTAM,TIPO_EDAD,-1,-1,CHIHUAHUA,TIPO_EDAD,-1,-1;HEREDADOS "HEREDADOS" true true false 254 Text 0 0 ,First,#,Union_BCS_SON_NLTAM,HEREDADOS,-1,-1,CHIHUAHUA,HEREDADOS,-1,-1;REFERENCIA "REFERENCIA" true true false 254 Text 0 0 ,First,#,Union_BCS_SON_NLTAM,REFERENCIA,-1,-1,CHIHUAHUA,REFERENCIA,-1,-1;UNIDAD "UNIDAD" true true false 254 Text 0 0 ,First,#,Union_BCS_SON_NLTAM,UNIDAD,-1,-1,CHIHUAHUA,UNIDAD,-1,-1;LOC_TIPO "LOC_TIPO" true true false 254 Text 0 0 ,First,#,Union_BCS_SON_NLTAM,LOC_TIPO,-1,-1,CHIHUAHUA,LOC_TIPO,-1,-1;OBSERVA "OBSERVA" true true false 254 Text 0 0 ,First,#,Union_BCS_SON_NLTAM,OBSERVA,-1,-1,CHIHUAHUA,OBSERVA,-1,-1;PROYE "PROYE" true true false 254 Text 0 0 ,First,#,Union_BCS_SON_NLTAM,PROYE,-1,-1;Y_ORG "Y_ORG" true true false 254 Text 0 0 ,First,#,Union_BCS_SON_NLTAM,Y_ORG,-1,-1;X_ORG "X_ORG" true true false 254 Text 0 0 ,First,#,Union_BCS_SON_NLTAM,X_ORG,-1,-1;EDAD_MA_ET "EDAD_MA_ET" true true false 254 Text 0 0 ,First,#,Union_BCS_SON_NLTAM,EDAD_MA_ET,-1,-1,CHIHUAHUA,EDAD_MA_ET,-1,-1;CLAV_AGERE "CLAV_AGERE" true true false 254 Text 0 0 ,First,#,CHIHUAHUA,CLAV_AGERE,-1,-1;CLASIFICAC "CLASIFICAC" true true false 60 Text 0 0 ,First,#,CHIHUAHUA,CLASIFICAC,-1,-1;PDF "PDF" true true false 100 Text 0 0 ,First,#,CHIHUAHUA,PDF,-1,-1"</Process><Process ToolSource="c:\program files (x86)\arcgis\desktop10.5\ArcToolbox\Toolboxes\Conversion Tools.tbx\FeatureClassToFeatureClass" Date="20180219" Time="130225">FeatureClassToFeatureClass Union_Chih_Todos "Database Connections\Directa_DatosGeoinfomex_GEOBD.sde\DATOS_GEOINFOMEX.DS_EdadesIsotopicas" EdadesIsotopicas # "DES_CLAV "DES_CLAV" true true false 254 Text 0 0 ,First,#,Union_Chih_Todos,DES_CLAV,-1,-1;RANGO_MA "RANGO_MA" true true false 254 Text 0 0 ,First,#,Union_Chih_Todos,RANGO_MA,-1,-1;NUMERO "NUMERO" true true false 19 Double 0 0 ,First,#,Union_Chih_Todos,NUMERO,-1,-1;MUESTRA "MUESTRA" true true false 254 Text 0 0 ,First,#,Union_Chih_Todos,MUESTRA,-1,-1;ESTADO "ESTADO" true true false 254 Text 0 0 ,First,#,Union_Chih_Todos,ESTADO,-1,-1;LONG "LONG" true true false 19 Double 0 0 ,First,#,Union_Chih_Todos,LONG,-1,-1;LAT "LAT" true true false 19 Double 0 0 ,First,#,Union_Chih_Todos,LAT,-1,-1;X_WGS84 "X_WGS84" true true false 254 Text 0 0 ,First,#,Union_Chih_Todos,X_WGS84,-1,-1;Y_WGS84 "Y_WGS84" true true false 254 Text 0 0 ,First,#,Union_Chih_Todos,Y_WGS84,-1,-1;CARTA_250 "CARTA_250" true true false 254 Text 0 0 ,First,#,Union_Chih_Todos,CARTA_250,-1,-1;CARTA_50 "CARTA_50" true true false 254 Text 0 0 ,First,#,Union_Chih_Todos,CARTA_50,-1,-1;TIPO_ROCA "TIPO_ROCA" true true false 254 Text 0 0 ,First,#,Union_Chih_Todos,TIPO_ROCA,-1,-1;ROCA "ROCA" true true false 254 Text 0 0 ,First,#,Union_Chih_Todos,ROCA,-1,-1;METODO "METODO" true true false 254 Text 0 0 ,First,#,Union_Chih_Todos,METODO,-1,-1;MINERAL "MINERAL" true true false 254 Text 0 0 ,First,#,Union_Chih_Todos,MINERAL,-1,-1;EDAD_MA "EDAD_MA" true true false 254 Text 0 0 ,First,#,Union_Chih_Todos,EDAD_MA,-1,-1;ERROR "ERROR" true true false 19 Double 0 0 ,First,#,Union_Chih_Todos,ERROR,-1,-1;TIPO_EDAD "TIPO_EDAD" true true false 254 Text 0 0 ,First,#,Union_Chih_Todos,TIPO_EDAD,-1,-1;HEREDADOS "HEREDADOS" true true false 254 Text 0 0 ,First,#,Union_Chih_Todos,HEREDADOS,-1,-1;REFERENCIA "REFERENCIA" true true false 254 Text 0 0 ,First,#,Union_Chih_Todos,REFERENCIA,-1,-1;UNIDAD "UNIDAD" true true false 254 Text 0 0 ,First,#,Union_Chih_Todos,UNIDAD,-1,-1;LOC_TIPO "LOC_TIPO" true true false 254 Text 0 0 ,First,#,Union_Chih_Todos,LOC_TIPO,-1,-1;OBSERVA "OBSERVA" true true false 254 Text 0 0 ,First,#,Union_Chih_Todos,OBSERVA,-1,-1;PROYE "PROYE" true true false 254 Text 0 0 ,First,#,Union_Chih_Todos,PROYE,-1,-1;Y_ORG "Y_ORG" true true false 254 Text 0 0 ,First,#,Union_Chih_Todos,Y_ORG,-1,-1;X_ORG "X_ORG" true true false 254 Text 0 0 ,First,#,Union_Chih_Todos,X_ORG,-1,-1;EDAD_MA_ET "EDAD_MA_ET" true true false 254 Text 0 0 ,First,#,Union_Chih_Todos,EDAD_MA_ET,-1,-1;CLAV_AGERE "CLAV_AGERE" true true false 254 Text 0 0 ,First,#,Union_Chih_Todos,CLAV_AGERE,-1,-1;CLASIFICAC "CLASIFICAC" true true false 60 Text 0 0 ,First,#,Union_Chih_Todos,CLASIFICAC,-1,-1;PDF "PDF" true true false 100 Text 0 0 ,First,#,Union_Chih_Todos,PDF,-1,-1" #</Process><Process ToolSource="c:\program files (x86)\arcgis\desktop10.5\ArcToolbox\Toolboxes\Data Management Tools.tbx\CalculateField" Date="20180219" Time="133559">CalculateField DATOS_GEOINFOMEX.EdadesIsotopicas RANGO_MA "replace( [RANGO_MA],"'Ma","")" VB #</Process><Process ToolSource="c:\program files (x86)\arcgis\desktop10.5\ArcToolbox\Toolboxes\Data Management Tools.tbx\CalculateField" Date="20180219" Time="133616">CalculateField DATOS_GEOINFOMEX.EdadesIsotopicas RANGO_MA "replace( [RANGO_MA],"'Ma","")" VB #</Process><Process ToolSource="c:\program files (x86)\arcgis\desktop10.5\ArcToolbox\Toolboxes\Data Management Tools.tbx\CalculateField" Date="20180219" Time="133631">CalculateField DATOS_GEOINFOMEX.EdadesIsotopicas RANGO_MA "replace( [RANGO_MA],"'Ma","")" VB #</Process><Process ToolSource="c:\program files (x86)\arcgis\desktop10.5\ArcToolbox\Toolboxes\Data Management Tools.tbx\CalculateField" Date="20180219" Time="133701">CalculateField DATOS_GEOINFOMEX.EdadesIsotopicas RANGO_MA "33.9 - 56.0" VB #</Process><Process ToolSource="c:\program files (x86)\arcgis\desktop10.5\ArcToolbox\Toolboxes\Data Management Tools.tbx\CalculateField" Date="20180219" Time="134034">CalculateField DATOS_GEOINFOMEX.EdadesIsotopicas CLASIFICACION "[DES_CLAV] &amp; " (" &amp; [RANGO_MA] &amp;" Ma" &amp; ")"" VB #</Process><Process ToolSource="c:\program files (x86)\arcgis\desktop10.5\ArcToolbox\Toolboxes\Data Management Tools.tbx\CalculateField" Date="20180219" Time="134057">CalculateField DATOS_GEOINFOMEX.EdadesIsotopicas CLASIFICACION "[DES_CLAV] &amp; " (" &amp; [RANGO_MA] &amp;" Ma" &amp; ")"" VB #</Process><Process ToolSource="c:\program files (x86)\arcgis\desktop10.5\ArcToolbox\Toolboxes\Data Management Tools.tbx\CalculateField" Date="20180219" Time="134123">CalculateField DATOS_GEOINFOMEX.EdadesIsotopicas CLASIFICACION "[DES_CLAV] &amp; " (" &amp; [RANGO_MA] &amp;" Ma" &amp; ")"" VB #</Process><Process ToolSource="c:\program files (x86)\arcgis\desktop10.5\ArcToolbox\Toolboxes\Data Management Tools.tbx\CalculateField" Date="20180219" Time="134553">CalculateField DATOS_GEOINFOMEX.EdadesIsotopicas RANGO_MA2 TRIM( [RANGO_MA] ) VB #</Process><Process ToolSource="c:\program files (x86)\arcgis\desktop10.5\ArcToolbox\Toolboxes\Data Management Tools.tbx\CalculateField" Date="20180219" Time="134714">CalculateField DATOS_GEOINFOMEX.EdadesIsotopicas RANGO_MA2 !RANGO_MA2!.replace(" ","") PYTHON_9.3 #</Process><Process ToolSource="c:\program files (x86)\arcgis\desktop10.5\ArcToolbox\Toolboxes\Data Management Tools.tbx\CalculateField" Date="20180219" Time="134838">CalculateField DATOS_GEOINFOMEX.EdadesIsotopicas RANGO_MA2 !RANGO_MA2!.replace("-"," - ") PYTHON_9.3 #</Process><Process ToolSource="c:\program files (x86)\arcgis\desktop10.5\ArcToolbox\Toolboxes\Data Management Tools.tbx\CalculateField" Date="20180219" Time="135033">CalculateField DATOS_GEOINFOMEX.EdadesIsotopicas RANGO_MA2 "33.9 - 56" VB #</Process><Process ToolSource="c:\program files (x86)\arcgis\desktop10.5\ArcToolbox\Toolboxes\Data Management Tools.tbx\CalculateField" Date="20180219" Time="135226">CalculateField DATOS_GEOINFOMEX.EdadesIsotopicas CLASIFICACION "!DES_CLAV! + " (" + !RANGO_MA2! + " Ma)"" PYTHON_9.3 #</Process><Process ToolSource="c:\program files (x86)\arcgis\desktop10.5\ArcToolbox\Toolboxes\Data Management Tools.tbx\CalculateField" Date="20180219" Time="135814">CalculateField DATOS_GEOINFOMEX.EdadesIsotopicas DES_CLAV replace( [DES_CLAV],"Carboáfero","Carbonífero") VB #</Process><Process ToolSource="c:\program files (x86)\arcgis\desktop10.5\ArcToolbox\Toolboxes\Data Management Tools.tbx\CalculateField" Date="20180219" Time="135835">CalculateField DATOS_GEOINFOMEX.EdadesIsotopicas CLASIFICACION "!DES_CLAV! + " (" + !RANGO_MA2! + " Ma)"" PYTHON_9.3 #</Process><Process ToolSource="c:\program files (x86)\arcgis\desktop10.5\ArcToolbox\Toolboxes\Data Management Tools.tbx\CalculateField" Date="20180219" Time="140131">CalculateField DATOS_GEOINFOMEX.EdadesIsotopicas DES_CLAV replace( [DES_CLAV],"Ordoácico","Ordovícico") VB #</Process><Process ToolSource="c:\program files (x86)\arcgis\desktop10.5\ArcToolbox\Toolboxes\Data Management Tools.tbx\CalculateField" Date="20180219" Time="140142">CalculateField DATOS_GEOINFOMEX.EdadesIsotopicas CLASIFICACION "!DES_CLAV! + " (" + !RANGO_MA2! + " Ma)"" PYTHON_9.3 #</Process><Process ToolSource="c:\program files (x86)\arcgis\desktop10.5\ArcToolbox\Toolboxes\Data Management Tools.tbx\CalculateField" Date="20180219" Time="140638">CalculateField DATOS_GEOINFOMEX.EdadesIsotopicas RANGO_MA [RANGO_MA2] VB #</Process><Process ToolSource="c:\program files (x86)\arcgis\desktop10.5\ArcToolbox\Toolboxes\Data Management Tools.tbx\CalculateField" Date="20180219" Time="160702">CalculateField "Carta geocronológica" PDF "https://mapasims.sgm.gob.mx/GeoInfoMex_EdadesIso/PDF/CartaGeocronologicaNLTampsSLPHgo.pdf" VB #</Process><Process ToolSource="c:\program files (x86)\arcgis\desktop10.5\ArcToolbox\Toolboxes\Data Management Tools.tbx\CalculateField" Date="20180219" Time="160904">CalculateField "Carta geocronológica" PDF "https://mapasims.sgm.gob.mx/GeoInfoMex_EdadesIso/PDF/CartaGeocronologicaBCSSinNay.pdf" VB #</Process><Process ToolSource="c:\program files (x86)\arcgis\desktop10.5\ArcToolbox\Toolboxes\Data Management Tools.tbx\CalculateField" Date="20180219" Time="161134">CalculateField "Carta geocronológica" PDF "https://mapasims.sgm.gob.mx/GeoInfoMex_EdadesIso/PDF/CartaGeocronologicaSonBC.pdf" VB #</Process><Process ToolSource="c:\program files (x86)\arcgis\desktop10.5\ArcToolbox\Toolboxes\Data Management Tools.tbx\CalculateField" Date="20180219" Time="162010">CalculateField "Carta geocronológica" PDF "https://mapasims.sgm.gob.mx/GeoInfoMex_EdadesIso/PDF/CartaGeocronologicaBCSSinNay.pdf" VB #</Process><Process ToolSource="c:\program files (x86)\arcgis\desktop10.5\ArcToolbox\Toolboxes\Data Management Tools.tbx\CalculateField" Date="20180222" Time="103921">CalculateField "Carta geocronológica" CARTA50 [CARTA_50] VB #</Process><Process ToolSource="c:\program files (x86)\arcgis\desktop10.5\ArcToolbox\Toolboxes\Data Management Tools.tbx\CalculateField" Date="20180222" Time="103934">CalculateField "Carta geocronológica" CARTA250 [CARTA_250] VB #</Process><Process ToolSource="c:\program files (x86)\arcgis\desktop10.5\ArcToolbox\Toolboxes\Data Management Tools.tbx\CalculateField" Date="20180222" Time="154900">CalculateField "Carta geocronológica" TABLACRONO "http://www.stratigraphy.org/ICSchart/ChronostratChart2016-04SpanishAmerDraft.jpg" VB #</Process><Process ToolSource="c:\program files (x86)\arcgis\desktop10.5\ArcToolbox\Toolboxes\Data Management Tools.tbx\CalculateField" Date="20180411" Time="160454">CalculateField "Carta geocronológica" TABLACRONO "http://www.stratigraphy.org/ICSchart/ChronostratChart2017-02SpanishAmer.jpg" VB #</Process><Process ToolSource="c:\program files (x86)\arcgis\desktop10.6\ArcToolbox\Toolboxes\Data Management Tools.tbx\Project" Date="20180725" Time="160220">Project "Carta geocronológica" "Database Connections\Directa_DatosGeoinfomex_GEOBD.sde\DATOS_GEOINFOMEX.DS_Dataciones\DATOS_GEOINFOMEX.EdadesIsotopicas2" PROJCS['ITRF_2008_LCC_MEXICO',GEOGCS['GCS_ITRF_2008',DATUM['D_ITRF_2008',SPHEROID['GRS_1980',6378137.0,298.257222101]],PRIMEM['Greenwich',0.0],UNIT['Degree',0.0174532925199433]],PROJECTION['Lambert_Conformal_Conic'],PARAMETER['False_Easting',2500000.0],PARAMETER['False_Northing',0.0],PARAMETER['Central_Meridian',-102.0],PARAMETER['Standard_Parallel_1',17.5],PARAMETER['Standard_Parallel_2',29.5],PARAMETER['Latitude_Of_Origin',12.0],UNIT['Meter',1.0]] 'WGS_1984_(ITRF08)_To_NAD_1983_2011 + ITRF_2008_To_NAD_1983_2011' GEOGCS['GCS_WGS_1984',DATUM['D_WGS_1984',SPHEROID['WGS_1984',6378137.0,298.257223563]],PRIMEM['Greenwich',0.0],UNIT['Degree',0.0174532925199433]] NO_PRESERVE_SHAPE # NO_VERTICAL</Process><Process ToolSource="c:\program files (x86)\arcgis\desktop10.7\ArcToolbox\Toolboxes\Data Management Tools.tbx\Append" Date="20200221" Time="111052">Append D:\1\datos_geocronologicos\EdadesIso_Machote4.shp "Conexiones de base de datos\Directa_DatosGeoinfomex_GEOBD.sde\DATOS_GEOINFOMEX.DS_Dataciones\DATOS_GEOINFOMEX.EdadesIsotopicas" NO_TEST "DES_CLAV "DES_CLAV" true true false 254 Text 0 0 ,First,#,D:\1\datos_geocronologicos\EdadesIso_Machote4.shp,DES_CLAV,-1,-1;RANGO_MA "RANGO_MA" true true false 254 Text 0 0 ,First,#,D:\1\datos_geocronologicos\EdadesIso_Machote4.shp,RANGO_MA,-1,-1;NUMERO "NUMERO" true true false 8 Double 8 38 ,First,#,D:\1\datos_geocronologicos\EdadesIso_Machote4.shp,NUMERO,-1,-1;MUESTRA "MUESTRA" true true false 254 Text 0 0 ,First,#,D:\1\datos_geocronologicos\EdadesIso_Machote4.shp,MUESTRA,-1,-1;ESTADO "ESTADO" true true false 254 Text 0 0 ,First,#,D:\1\datos_geocronologicos\EdadesIso_Machote4.shp,ESTADO,-1,-1;LONG_ "LONG_" true true false 8 Double 8 38 ,First,#,D:\1\datos_geocronologicos\EdadesIso_Machote4.shp,LONG_,-1,-1;LAT "LAT" true true false 8 Double 8 38 ,First,#,D:\1\datos_geocronologicos\EdadesIso_Machote4.shp,LAT,-1,-1;X_WGS84 "X_WGS84" true true false 254 Text 0 0 ,First,#,D:\1\datos_geocronologicos\EdadesIso_Machote4.shp,X_WGS84,-1,-1;Y_WGS84 "Y_WGS84" true true false 254 Text 0 0 ,First,#,D:\1\datos_geocronologicos\EdadesIso_Machote4.shp,Y_WGS84,-1,-1;CARTA_250 "CARTA_250" true true false 254 Text 0 0 ,First,#,D:\1\datos_geocronologicos\EdadesIso_Machote4.shp,CARTA_250,-1,-1;CARTA_50 "CARTA_50" true true false 254 Text 0 0 ,First,#,D:\1\datos_geocronologicos\EdadesIso_Machote4.shp,CARTA_50,-1,-1;TIPO_ROCA "TIPO_ROCA" true true false 254 Text 0 0 ,First,#,D:\1\datos_geocronologicos\EdadesIso_Machote4.shp,TIPO_ROCA,-1,-1;ROCA "ROCA" true true false 254 Text 0 0 ,First,#,D:\1\datos_geocronologicos\EdadesIso_Machote4.shp,ROCA,-1,-1;METODO "METODO" true true false 254 Text 0 0 ,First,#,D:\1\datos_geocronologicos\EdadesIso_Machote4.shp,METODO,-1,-1;MINERAL "MINERAL" true true false 254 Text 0 0 ,First,#,D:\1\datos_geocronologicos\EdadesIso_Machote4.shp,MINERAL,-1,-1;EDAD_MA "EDAD_MA" true true false 254 Text 0 0 ,First,#,D:\1\datos_geocronologicos\EdadesIso_Machote4.shp,EDAD_MA,-1,-1;ERROR "ERROR" true true false 8 Double 8 38 ,First,#,D:\1\datos_geocronologicos\EdadesIso_Machote4.shp,ERROR,-1,-1;TIPO_EDAD "TIPO_EDAD" true true false 254 Text 0 0 ,First,#,D:\1\datos_geocronologicos\EdadesIso_Machote4.shp,TIPO_EDAD,-1,-1;HEREDADOS "HEREDADOS" true true false 254 Text 0 0 ,First,#,D:\1\datos_geocronologicos\EdadesIso_Machote4.shp,HEREDADOS,-1,-1;REFERENCIA "REFERENCIA" true true false 254 Text 0 0 ,First,#,D:\1\datos_geocronologicos\EdadesIso_Machote4.shp,REFERENCIA,-1,-1;UNIDAD "UNIDAD" true true false 254 Text 0 0 ,First,#,D:\1\datos_geocronologicos\EdadesIso_Machote4.shp,UNIDAD,-1,-1;LOC_TIPO "LOC_TIPO" true true false 254 Text 0 0 ,First,#,D:\1\datos_geocronologicos\EdadesIso_Machote4.shp,LOC_TIPO,-1,-1;OBSERVA "OBSERVA" true true false 254 Text 0 0 ,First,#,D:\1\datos_geocronologicos\EdadesIso_Machote4.shp,OBSERVA,-1,-1;PROYE "PROYE" true true false 254 Text 0 0 ,First,#,D:\1\datos_geocronologicos\EdadesIso_Machote4.shp,PROYE,-1,-1;Y_ORG "Y_ORG" true true false 254 Text 0 0 ,First,#,D:\1\datos_geocronologicos\EdadesIso_Machote4.shp,Y_ORG,-1,-1;X_ORG "X_ORG" true true false 254 Text 0 0 ,First,#,D:\1\datos_geocronologicos\EdadesIso_Machote4.shp,X_ORG,-1,-1;EDAD_MA_ET "EDAD_MA_ET" true true false 254 Text 0 0 ,First,#,D:\1\datos_geocronologicos\EdadesIso_Machote4.shp,EDAD_MA_ET,-1,-1;CLAV_AGERE "CLAV_AGERE" true true false 254 Text 0 0 ,First,#,D:\1\datos_geocronologicos\EdadesIso_Machote4.shp,CLAV_AGERE,-1,-1;PDF "PDF" true true false 100 Text 0 0 ,First,#,D:\1\datos_geocronologicos\EdadesIso_Machote4.shp,PDF,-1,-1;CLASIFICACION "CLASIFICACION" true true false 60 Text 0 0 ,First,#,D:\1\datos_geocronologicos\EdadesIso_Machote4.shp,CLASIFICAC,-1,-1;CARTA50 "CARTA50" true true false 150 Text 0 0 ,First,#,D:\1\datos_geocronologicos\EdadesIso_Machote4.shp,CARTA50,-1,-1;CARTA250 "CARTA250" true true false 150 Text 0 0 ,First,#,D:\1\datos_geocronologicos\EdadesIso_Machote4.shp,CARTA250,-1,-1;TABLACRONO "TABLACRONO" true true false 250 Text 0 0 ,First,#,D:\1\datos_geocronologicos\EdadesIso_Machote4.shp,TABLACRONO,-1,-1" #</Process><Process ToolSource="c:\program files (x86)\arcgis\desktop10.6\ArcToolbox\Toolboxes\Conversion Tools.tbx\FeatureClassToFeatureClass" Date="20210204" Time="182049">FeatureClassToFeatureClass "Database Connections\Directa_DatosGeoinfomex_GEOBD.sde\DATOS_GEOINFOMEX.DS_Dataciones\DATOS_GEOINFOMEX.EdadesIsotopicas" "Database Connections\Directa_DatosGeoinfomex_GEOBD.sde\DATOS_GEOINFOMEX.DS_Dataciones" edadResp # "DES_CLAV "DES_CLAV" true true false 254 Text 0 0 ,First,#,Database Connections\Directa_DatosGeoinfomex_GEOBD.sde\DATOS_GEOINFOMEX.DS_Dataciones\DATOS_GEOINFOMEX.EdadesIsotopicas,DES_CLAV,-1,-1;RANGO_MA "RANGO_MA" true true false 254 Text 0 0 ,First,#,Database Connections\Directa_DatosGeoinfomex_GEOBD.sde\DATOS_GEOINFOMEX.DS_Dataciones\DATOS_GEOINFOMEX.EdadesIsotopicas,RANGO_MA,-1,-1;NUMERO "NUMERO" true true false 8 Double 8 38 ,First,#,Database Connections\Directa_DatosGeoinfomex_GEOBD.sde\DATOS_GEOINFOMEX.DS_Dataciones\DATOS_GEOINFOMEX.EdadesIsotopicas,NUMERO,-1,-1;MUESTRA "MUESTRA" true true false 254 Text 0 0 ,First,#,Database Connections\Directa_DatosGeoinfomex_GEOBD.sde\DATOS_GEOINFOMEX.DS_Dataciones\DATOS_GEOINFOMEX.EdadesIsotopicas,MUESTRA,-1,-1;ESTADO "ESTADO" true true false 254 Text 0 0 ,First,#,Database Connections\Directa_DatosGeoinfomex_GEOBD.sde\DATOS_GEOINFOMEX.DS_Dataciones\DATOS_GEOINFOMEX.EdadesIsotopicas,ESTADO,-1,-1;LONG_ "LONG_" true true false 8 Double 8 38 ,First,#,Database Connections\Directa_DatosGeoinfomex_GEOBD.sde\DATOS_GEOINFOMEX.DS_Dataciones\DATOS_GEOINFOMEX.EdadesIsotopicas,LONG_,-1,-1;LAT "LAT" true true false 8 Double 8 38 ,First,#,Database Connections\Directa_DatosGeoinfomex_GEOBD.sde\DATOS_GEOINFOMEX.DS_Dataciones\DATOS_GEOINFOMEX.EdadesIsotopicas,LAT,-1,-1;X_WGS84 "X_WGS84" true true false 254 Text 0 0 ,First,#,Database Connections\Directa_DatosGeoinfomex_GEOBD.sde\DATOS_GEOINFOMEX.DS_Dataciones\DATOS_GEOINFOMEX.EdadesIsotopicas,X_WGS84,-1,-1;Y_WGS84 "Y_WGS84" true true false 254 Text 0 0 ,First,#,Database Connections\Directa_DatosGeoinfomex_GEOBD.sde\DATOS_GEOINFOMEX.DS_Dataciones\DATOS_GEOINFOMEX.EdadesIsotopicas,Y_WGS84,-1,-1;CARTA_250 "CARTA_250" true true false 254 Text 0 0 ,First,#,Database Connections\Directa_DatosGeoinfomex_GEOBD.sde\DATOS_GEOINFOMEX.DS_Dataciones\DATOS_GEOINFOMEX.EdadesIsotopicas,CARTA_250,-1,-1;CARTA_50 "CARTA_50" true true false 254 Text 0 0 ,First,#,Database Connections\Directa_DatosGeoinfomex_GEOBD.sde\DATOS_GEOINFOMEX.DS_Dataciones\DATOS_GEOINFOMEX.EdadesIsotopicas,CARTA_50,-1,-1;TIPO_ROCA "TIPO_ROCA" true true false 254 Text 0 0 ,First,#,Database Connections\Directa_DatosGeoinfomex_GEOBD.sde\DATOS_GEOINFOMEX.DS_Dataciones\DATOS_GEOINFOMEX.EdadesIsotopicas,TIPO_ROCA,-1,-1;ROCA "ROCA" true true false 254 Text 0 0 ,First,#,Database Connections\Directa_DatosGeoinfomex_GEOBD.sde\DATOS_GEOINFOMEX.DS_Dataciones\DATOS_GEOINFOMEX.EdadesIsotopicas,ROCA,-1,-1;METODO "METODO" true true false 254 Text 0 0 ,First,#,Database Connections\Directa_DatosGeoinfomex_GEOBD.sde\DATOS_GEOINFOMEX.DS_Dataciones\DATOS_GEOINFOMEX.EdadesIsotopicas,METODO,-1,-1;MINERAL "MINERAL" true true false 254 Text 0 0 ,First,#,Database Connections\Directa_DatosGeoinfomex_GEOBD.sde\DATOS_GEOINFOMEX.DS_Dataciones\DATOS_GEOINFOMEX.EdadesIsotopicas,MINERAL,-1,-1;EDAD_MA "EDAD_MA" true true false 254 Text 0 0 ,First,#,Database Connections\Directa_DatosGeoinfomex_GEOBD.sde\DATOS_GEOINFOMEX.DS_Dataciones\DATOS_GEOINFOMEX.EdadesIsotopicas,EDAD_MA,-1,-1;ERROR "ERROR" true true false 8 Double 8 38 ,First,#,Database Connections\Directa_DatosGeoinfomex_GEOBD.sde\DATOS_GEOINFOMEX.DS_Dataciones\DATOS_GEOINFOMEX.EdadesIsotopicas,ERROR,-1,-1;TIPO_EDAD "TIPO_EDAD" true true false 254 Text 0 0 ,First,#,Database Connections\Directa_DatosGeoinfomex_GEOBD.sde\DATOS_GEOINFOMEX.DS_Dataciones\DATOS_GEOINFOMEX.EdadesIsotopicas,TIPO_EDAD,-1,-1;HEREDADOS "HEREDADOS" true true false 254 Text 0 0 ,First,#,Database Connections\Directa_DatosGeoinfomex_GEOBD.sde\DATOS_GEOINFOMEX.DS_Dataciones\DATOS_GEOINFOMEX.EdadesIsotopicas,HEREDADOS,-1,-1;REFERENCIA "REFERENCIA" true true false 254 Text 0 0 ,First,#,Database Connections\Directa_DatosGeoinfomex_GEOBD.sde\DATOS_GEOINFOMEX.DS_Dataciones\DATOS_GEOINFOMEX.EdadesIsotopicas,REFERENCIA,-1,-1;UNIDAD "UNIDAD" true true false 254 Text 0 0 ,First,#,Database Connections\Directa_DatosGeoinfomex_GEOBD.sde\DATOS_GEOINFOMEX.DS_Dataciones\DATOS_GEOINFOMEX.EdadesIsotopicas,UNIDAD,-1,-1;LOC_TIPO "LOC_TIPO" true true false 254 Text 0 0 ,First,#,Database Connections\Directa_DatosGeoinfomex_GEOBD.sde\DATOS_GEOINFOMEX.DS_Dataciones\DATOS_GEOINFOMEX.EdadesIsotopicas,LOC_TIPO,-1,-1;OBSERVA "OBSERVA" true true false 254 Text 0 0 ,First,#,Database Connections\Directa_DatosGeoinfomex_GEOBD.sde\DATOS_GEOINFOMEX.DS_Dataciones\DATOS_GEOINFOMEX.EdadesIsotopicas,OBSERVA,-1,-1;PROYE "PROYE" true true false 254 Text 0 0 ,First,#,Database Connections\Directa_DatosGeoinfomex_GEOBD.sde\DATOS_GEOINFOMEX.DS_Dataciones\DATOS_GEOINFOMEX.EdadesIsotopicas,PROYE,-1,-1;Y_ORG "Y_ORG" true true false 254 Text 0 0 ,First,#,Database Connections\Directa_DatosGeoinfomex_GEOBD.sde\DATOS_GEOINFOMEX.DS_Dataciones\DATOS_GEOINFOMEX.EdadesIsotopicas,Y_ORG,-1,-1;X_ORG "X_ORG" true true false 254 Text 0 0 ,First,#,Database Connections\Directa_DatosGeoinfomex_GEOBD.sde\DATOS_GEOINFOMEX.DS_Dataciones\DATOS_GEOINFOMEX.EdadesIsotopicas,X_ORG,-1,-1;EDAD_MA_ET "EDAD_MA_ET" true true false 254 Text 0 0 ,First,#,Database Connections\Directa_DatosGeoinfomex_GEOBD.sde\DATOS_GEOINFOMEX.DS_Dataciones\DATOS_GEOINFOMEX.EdadesIsotopicas,EDAD_MA_ET,-1,-1;CLAV_AGERE "CLAV_AGERE" true true false 254 Text 0 0 ,First,#,Database Connections\Directa_DatosGeoinfomex_GEOBD.sde\DATOS_GEOINFOMEX.DS_Dataciones\DATOS_GEOINFOMEX.EdadesIsotopicas,CLAV_AGERE,-1,-1;PDF "PDF" true true false 100 Text 0 0 ,First,#,Database Connections\Directa_DatosGeoinfomex_GEOBD.sde\DATOS_GEOINFOMEX.DS_Dataciones\DATOS_GEOINFOMEX.EdadesIsotopicas,PDF,-1,-1;CLASIFICACION "CLASIFICACION" true true false 60 Text 0 0 ,First,#,Database Connections\Directa_DatosGeoinfomex_GEOBD.sde\DATOS_GEOINFOMEX.DS_Dataciones\DATOS_GEOINFOMEX.EdadesIsotopicas,CLASIFICACION,-1,-1;CARTA50 "CARTA50" true true false 150 Text 0 0 ,First,#,Database Connections\Directa_DatosGeoinfomex_GEOBD.sde\DATOS_GEOINFOMEX.DS_Dataciones\DATOS_GEOINFOMEX.EdadesIsotopicas,CARTA50,-1,-1;CARTA250 "CARTA250" true true false 150 Text 0 0 ,First,#,Database Connections\Directa_DatosGeoinfomex_GEOBD.sde\DATOS_GEOINFOMEX.DS_Dataciones\DATOS_GEOINFOMEX.EdadesIsotopicas,CARTA250,-1,-1;TABLACRONO "TABLACRONO" true true false 250 Text 0 0 ,First,#,Database Connections\Directa_DatosGeoinfomex_GEOBD.sde\DATOS_GEOINFOMEX.DS_Dataciones\DATOS_GEOINFOMEX.EdadesIsotopicas,TABLACRONO,-1,-1" SDO_GEOMETRY</Process><Process ToolSource="c:\program files (x86)\arcgis\desktop10.6\ArcToolbox\Toolboxes\Data Management Tools.tbx\Append" Date="20210204" Time="182223">Append 'Database Connections\Directa_DatosGeoinfomex_GEOBD.sde\DATOS_GEOINFOMEX.DS_Dataciones\DATOS_GEOINFOMEX.edades' "Database Connections\Directa_DatosGeoinfomex_GEOBD.sde\DATOS_GEOINFOMEX.DS_Dataciones\DATOS_GEOINFOMEX.edadResp" NO_TEST "DES_CLAV "DES_CLAV" true true false 254 Text 0 0 ,First,#,Database Connections\Directa_DatosGeoinfomex_GEOBD.sde\DATOS_GEOINFOMEX.DS_Dataciones\DATOS_GEOINFOMEX.edades,DES_CLAV,-1,-1;RANGO_MA "RANGO_MA" true true false 254 Text 0 0 ,First,#,Database Connections\Directa_DatosGeoinfomex_GEOBD.sde\DATOS_GEOINFOMEX.DS_Dataciones\DATOS_GEOINFOMEX.edades,RANGO_MA,-1,-1;NUMERO "NUMERO" true true false 8 Double 8 38 ,First,#;MUESTRA "MUESTRA" true true false 254 Text 0 0 ,First,#,Database Connections\Directa_DatosGeoinfomex_GEOBD.sde\DATOS_GEOINFOMEX.DS_Dataciones\DATOS_GEOINFOMEX.edades,MUESTRA,-1,-1;ESTADO "ESTADO" true true false 254 Text 0 0 ,First,#,Database Connections\Directa_DatosGeoinfomex_GEOBD.sde\DATOS_GEOINFOMEX.DS_Dataciones\DATOS_GEOINFOMEX.edades,ESTADO,-1,-1;LONG_ "LONG_" true true false 8 Double 8 38 ,First,#,Database Connections\Directa_DatosGeoinfomex_GEOBD.sde\DATOS_GEOINFOMEX.DS_Dataciones\DATOS_GEOINFOMEX.edades,LONG_,-1,-1;LAT "LAT" true true false 8 Double 8 38 ,First,#,Database Connections\Directa_DatosGeoinfomex_GEOBD.sde\DATOS_GEOINFOMEX.DS_Dataciones\DATOS_GEOINFOMEX.edades,LAT,-1,-1;X_WGS84 "X_WGS84" true true false 254 Text 0 0 ,First,#,Database Connections\Directa_DatosGeoinfomex_GEOBD.sde\DATOS_GEOINFOMEX.DS_Dataciones\DATOS_GEOINFOMEX.edades,X_WGS84,-1,-1;Y_WGS84 "Y_WGS84" true true false 254 Text 0 0 ,First,#,Database Connections\Directa_DatosGeoinfomex_GEOBD.sde\DATOS_GEOINFOMEX.DS_Dataciones\DATOS_GEOINFOMEX.edades,Y_WGS84,-1,-1;CARTA_250 "CARTA_250" true true false 254 Text 0 0 ,First,#,Database Connections\Directa_DatosGeoinfomex_GEOBD.sde\DATOS_GEOINFOMEX.DS_Dataciones\DATOS_GEOINFOMEX.edades,CARTA_250,-1,-1;CARTA_50 "CARTA_50" true true false 254 Text 0 0 ,First,#,Database Connections\Directa_DatosGeoinfomex_GEOBD.sde\DATOS_GEOINFOMEX.DS_Dataciones\DATOS_GEOINFOMEX.edades,CARTA_50,-1,-1;TIPO_ROCA "TIPO_ROCA" true true false 254 Text 0 0 ,First,#,Database Connections\Directa_DatosGeoinfomex_GEOBD.sde\DATOS_GEOINFOMEX.DS_Dataciones\DATOS_GEOINFOMEX.edades,TIPO_ROCA,-1,-1;ROCA "ROCA" true true false 254 Text 0 0 ,First,#,Database Connections\Directa_DatosGeoinfomex_GEOBD.sde\DATOS_GEOINFOMEX.DS_Dataciones\DATOS_GEOINFOMEX.edades,ROCA,-1,-1;METODO "METODO" true true false 254 Text 0 0 ,First,#,Database Connections\Directa_DatosGeoinfomex_GEOBD.sde\DATOS_GEOINFOMEX.DS_Dataciones\DATOS_GEOINFOMEX.edades,METODO,-1,-1;MINERAL "MINERAL" true true false 254 Text 0 0 ,First,#,Database Connections\Directa_DatosGeoinfomex_GEOBD.sde\DATOS_GEOINFOMEX.DS_Dataciones\DATOS_GEOINFOMEX.edades,MINERAL,-1,-1;EDAD_MA "EDAD_MA" true true false 254 Text 0 0 ,First,#,Database Connections\Directa_DatosGeoinfomex_GEOBD.sde\DATOS_GEOINFOMEX.DS_Dataciones\DATOS_GEOINFOMEX.edades,EDAD_MA,-1,-1;ERROR "ERROR" true true false 8 Double 8 38 ,First,#,Database Connections\Directa_DatosGeoinfomex_GEOBD.sde\DATOS_GEOINFOMEX.DS_Dataciones\DATOS_GEOINFOMEX.edades,ERROR,-1,-1;TIPO_EDAD "TIPO_EDAD" true true false 254 Text 0 0 ,First,#,Database Connections\Directa_DatosGeoinfomex_GEOBD.sde\DATOS_GEOINFOMEX.DS_Dataciones\DATOS_GEOINFOMEX.edades,TIPO_EDAD,-1,-1;HEREDADOS "HEREDADOS" true true false 254 Text 0 0 ,First,#,Database Connections\Directa_DatosGeoinfomex_GEOBD.sde\DATOS_GEOINFOMEX.DS_Dataciones\DATOS_GEOINFOMEX.edades,HEREDADOS,-1,-1;REFERENCIA "REFERENCIA" true true false 254 Text 0 0 ,First,#,Database Connections\Directa_DatosGeoinfomex_GEOBD.sde\DATOS_GEOINFOMEX.DS_Dataciones\DATOS_GEOINFOMEX.edades,REFERENCIA,-1,-1;UNIDAD "UNIDAD" true true false 254 Text 0 0 ,First,#,Database Connections\Directa_DatosGeoinfomex_GEOBD.sde\DATOS_GEOINFOMEX.DS_Dataciones\DATOS_GEOINFOMEX.edades,UNIDAD,-1,-1;LOC_TIPO "LOC_TIPO" true true false 254 Text 0 0 ,First,#,Database Connections\Directa_DatosGeoinfomex_GEOBD.sde\DATOS_GEOINFOMEX.DS_Dataciones\DATOS_GEOINFOMEX.edades,LOC_TIPO,-1,-1;OBSERVA "OBSERVA" true true false 254 Text 0 0 ,First,#,Database Connections\Directa_DatosGeoinfomex_GEOBD.sde\DATOS_GEOINFOMEX.DS_Dataciones\DATOS_GEOINFOMEX.edades,OBSERVA,-1,-1;PROYE "PROYE" true true false 254 Text 0 0 ,First,#,Database Connections\Directa_DatosGeoinfomex_GEOBD.sde\DATOS_GEOINFOMEX.DS_Dataciones\DATOS_GEOINFOMEX.edades,PROYE,-1,-1;Y_ORG "Y_ORG" true true false 254 Text 0 0 ,First,#;X_ORG "X_ORG" true true false 254 Text 0 0 ,First,#;EDAD_MA_ET "EDAD_MA_ET" true true false 254 Text 0 0 ,First,#;CLAV_AGERE "CLAV_AGERE" true true false 254 Text 0 0 ,First,#;PDF "PDF" true true false 100 Text 0 0 ,First,#;CLASIFICACION "CLASIFICACION" true true false 60 Text 0 0 ,First,#;CARTA50 "CARTA50" true true false 150 Text 0 0 ,First,#;CARTA250 "CARTA250" true true false 150 Text 0 0 ,First,#;TABLACRONO "TABLACRONO" true true false 250 Text 0 0 ,First,#;SE_ANNO_CAD_DATA "SE_ANNO_CAD_DATA" true true false 0 Blob 0 0 ,First,#" #</Process><Process ToolSource="c:\program files (x86)\arcgis\desktop10.6\ArcToolbox\Toolboxes\Data Management Tools.tbx\CalculateField" Date="20210204" Time="183226">CalculateField DATOS_GEOINFOMEX.edadResp PDF "https://mapasims.sgm.gob.mx/GeoInfoMex_EdadesIso/PDF/CartaGeocronologicaBCSSinNay.pdf" VB #</Process><Process ToolSource="c:\program files (x86)\arcgis\desktop10.6\ArcToolbox\Toolboxes\Data Management Tools.tbx\CalculateField" Date="20210204" Time="183801">CalculateField DATOS_GEOINFOMEX.edadResp CLASIFICACION "[DES_CLAV] &amp; " (" &amp; [RANGO_MA] &amp; " Ma)" " VB #</Process><Process ToolSource="c:\program files (x86)\arcgis\desktop10.6\ArcToolbox\Toolboxes\Data Management Tools.tbx\CalculateField" Date="20210204" Time="183827">CalculateField DATOS_GEOINFOMEX.edadResp CARTA50 [CARTA50] VB #</Process><Process ToolSource="c:\program files (x86)\arcgis\desktop10.6\ArcToolbox\Toolboxes\Data Management Tools.tbx\CalculateField" Date="20210204" Time="183841">CalculateField DATOS_GEOINFOMEX.edadResp CARTA50 [CARTA_50] VB #</Process><Process ToolSource="c:\program files (x86)\arcgis\desktop10.6\ArcToolbox\Toolboxes\Data Management Tools.tbx\CalculateField" Date="20210204" Time="183853">CalculateField DATOS_GEOINFOMEX.edadResp CARTA250 [CARTA_250] VB #</Process><Process ToolSource="c:\program files (x86)\arcgis\desktop10.6\ArcToolbox\Toolboxes\Data Management Tools.tbx\CalculateField" Date="20210204" Time="184011">CalculateField DATOS_GEOINFOMEX.edadResp TABLACRONO "http://www.stratigraphy.org/ICSchart/ChronostratChart2017-02SpanishAmer.jpg" VB #</Process><Process ToolSource="c:\program files (x86)\arcgis\desktop10.6\ArcToolbox\Toolboxes\Data Management Tools.tbx\CalculateField" Date="20210204" Time="184728">CalculateField DATOS_GEOINFOMEX.edadResp PDF "https://mapasims.sgm.gob.mx/GeoInfoMex_EdadesIso/PDF/CartaGeocronologicaBCSSinNay.pdf" VB #</Process><Process ToolSource="c:\program files (x86)\arcgis\desktop10.6\ArcToolbox\Toolboxes\Data Management Tools.tbx\CalculateField" Date="20210204" Time="185056">CalculateField DATOS_GEOINFOMEX.edadResp PDF "https://mapasims.sgm.gob.mx/GeoInfoMex_EdadesIso/PDF/CartaGeocronologicaNLTampsSLPHgo.pdf" VB #</Process><Process ToolSource="c:\program files (x86)\arcgis\desktop10.6\ArcToolbox\Toolboxes\Data Management Tools.tbx\CalculateField" Date="20210204" Time="185406">CalculateField DATOS_GEOINFOMEX.edadResp PDF "https://mapasims.sgm.gob.mx/GeoInfoMex_EdadesIso/PDF/CartaGeocronologicaSonBC.pdf" VB #</Process><Process ToolSource="c:\program files (x86)\arcgis\desktop10.6\ArcToolbox\Toolboxes\Data Management Tools.tbx\CalculateField" Date="20210204" Time="190321">CalculateField DATOS_GEOINFOMEX.edadResp PDF "https://mapasims.sgm.gob.mx/GeoInfoMex_EdadesIso/PDF/CartaGeocronologicaChihuahua.pdf" VB #</Process><Process ToolSource="c:\program files (x86)\arcgis\desktop10.6\ArcToolbox\Toolboxes\Data Management Tools.tbx\CalculateField" Date="20210204" Time="190953">CalculateField DATOS_GEOINFOMEX.edadResp PDF "" VB #</Process><Process ToolSource="c:\program files (x86)\arcgis\desktop10.6\ArcToolbox\Toolboxes\Data Management Tools.tbx\CalculateField" Date="20210204" Time="192328">CalculateField "Carta geocronológica" DES_CLAV "Jurásico Superior-Titoniano" VB #</Process><Process ToolSource="c:\program files (x86)\arcgis\desktop10.7\ArcToolbox\Toolboxes\Data Management Tools.tbx\Append" Date="20210610" Time="162637">Append unionEdo DATOS_GEOINFOMEX.EdadesIsotopicas NO_TEST "DES_CLAV "DES_CLAV" true true false 254 Text 0 0 ,First,#,unionEdo,DES_CLAV,-1,-1;RANGO_MA "RANGO_MA" true true false 254 Text 0 0 ,First,#,unionEdo,RANGO_MA,-1,-1;NUMERO "NUMERO" true true false 8 Double 8 38 ,First,#;MUESTRA "MUESTRA" true true false 254 Text 0 0 ,First,#,unionEdo,MUESTRA,-1,-1;ESTADO "ESTADO" true true false 254 Text 0 0 ,First,#,unionEdo,NOMBRE_EST,-1,-1;LONG_ "LONG_" true true false 8 Double 8 38 ,First,#,unionEdo,LONG,-1,-1;LAT "LAT" true true false 8 Double 8 38 ,First,#,unionEdo,LAT,-1,-1;X_WGS84 "X_WGS84" true true false 254 Text 0 0 ,First,#,unionEdo,X_WGS84,-1,-1;Y_WGS84 "Y_WGS84" true true false 254 Text 0 0 ,First,#,unionEdo,Y_WGS84,-1,-1;CARTA_250 "CARTA_250" true true false 254 Text 0 0 ,First,#,unionEdo,CARTA_250,-1,-1;CARTA_50 "CARTA_50" true true false 254 Text 0 0 ,First,#,unionEdo,CARTA_50,-1,-1;TIPO_ROCA "TIPO_ROCA" true true false 254 Text 0 0 ,First,#,unionEdo,TIPO_ROCA,-1,-1;ROCA "ROCA" true true false 254 Text 0 0 ,First,#,unionEdo,ROCA,-1,-1;METODO "METODO" true true false 254 Text 0 0 ,First,#,unionEdo,METODO,-1,-1;MINERAL "MINERAL" true true false 254 Text 0 0 ,First,#,unionEdo,MINERAL,-1,-1;EDAD_MA "EDAD_MA" true true false 254 Text 0 0 ,First,#,unionEdo,EDAD_MA,-1,-1;ERROR "ERROR" true true false 8 Double 8 38 ,First,#,unionEdo,ERROR,-1,-1;TIPO_EDAD "TIPO_EDAD" true true false 254 Text 0 0 ,First,#,unionEdo,TIPO_EDAD,-1,-1;HEREDADOS "HEREDADOS" true true false 254 Text 0 0 ,First,#,unionEdo,HEREDADOS,-1,-1;REFERENCIA "REFERENCIA" true true false 254 Text 0 0 ,First,#,unionEdo,REFERENCIA,-1,-1;UNIDAD "UNIDAD" true true false 254 Text 0 0 ,First,#,unionEdo,UNIDAD,-1,-1;LOC_TIPO "LOC_TIPO" true true false 254 Text 0 0 ,First,#,unionEdo,LOC_TIPO,-1,-1;OBSERVA "OBSERVA" true true false 254 Text 0 0 ,First,#,unionEdo,OBSERVA,-1,-1;PROYE "PROYE" true true false 254 Text 0 0 ,First,#,unionEdo,PROYE,-1,-1;Y_ORG "Y_ORG" true true false 254 Text 0 0 ,First,#;X_ORG "X_ORG" true true false 254 Text 0 0 ,First,#;EDAD_MA_ET "EDAD_MA_ET" true true false 254 Text 0 0 ,First,#;CLAV_AGERE "CLAV_AGERE" true true false 254 Text 0 0 ,First,#;PDF "PDF" true true false 100 Text 0 0 ,First,#,unionEdo,PDF,-1,-1;CLASIFICACION "CLASIFICACION" true true false 60 Text 0 0 ,First,#,unionEdo,CLASIFICAC,-1,-1;CARTA50 "CARTA50" true true false 150 Text 0 0 ,First,#,unionEdo,CARTA_50,-1,-1;CARTA250 "CARTA250" true true false 150 Text 0 0 ,First,#,unionEdo,CARTA_250,-1,-1;TABLACRONO "TABLACRONO" true true false 250 Text 0 0 ,First,#,unionEdo,TABLACRONO,-1,-1" #</Process><Process ToolSource="c:\program files (x86)\arcgis\desktop10.6\ArcToolbox\Toolboxes\Data Management Tools.tbx\CalculateField" Date="20210707" Time="165418">CalculateField "Carta geocronológica" PDF Replace( [PDF],"mapasims","portal" ) VB #</Process><Process ToolSource="c:\program files (x86)\arcgis\desktop10.6\ArcToolbox\Toolboxes\Data Management Tools.tbx\CalculateField" Date="20210707" Time="165510">CalculateField "Carta geocronológica" PDF "" VB #</Process><Process ToolSource="c:\program files (x86)\arcgis\desktop10.6\ArcToolbox\Toolboxes\Data Management Tools.tbx\CalculateField" Date="20210707" Time="165532">CalculateField "Carta geocronológica" PDF " " VB #</Process><Process ToolSource="c:\program files (x86)\arcgis\desktop10.8\ArcToolbox\Toolboxes\Data Management Tools.tbx\Append" Date="20220801" Time="115812">Append Merge_40_edo DATOS_GEOINFOMEX.EdadesIsotopicas NO_TEST "DES_CLAV "DES_CLAV" true true false 254 Text 0 0 ,First,#,Merge_40_edo,DES_CLAV,-1,-1;RANGO_MA "RANGO_MA" true true false 254 Text 0 0 ,First,#,Merge_40_edo,RANGO_MA,-1,-1;NUMERO "NUMERO" true true false 8 Double 8 38 ,First,#;MUESTRA "MUESTRA" true true false 254 Text 0 0 ,First,#,Merge_40_edo,MUESTRA,-1,-1;ESTADO "ESTADO" true true false 254 Text 0 0 ,First,#,Merge_40_edo,ESTADO,-1,-1;LONG_ "LONG_" true true false 8 Double 8 38 ,First,#,Merge_40_edo,LONG,-1,-1;LAT "LAT" true true false 8 Double 8 38 ,First,#,Merge_40_edo,LAT,-1,-1;X_WGS84 "X_WGS84" true true false 254 Text 0 0 ,First,#,Merge_40_edo,X_WGS84,-1,-1;Y_WGS84 "Y_WGS84" true true false 254 Text 0 0 ,First,#,Merge_40_edo,Y_WGS84,-1,-1;CARTA_250 "CARTA_250" true true false 254 Text 0 0 ,First,#,Merge_40_edo,CARTA_250,-1,-1;CARTA_50 "CARTA_50" true true false 254 Text 0 0 ,First,#,Merge_40_edo,CARTA_50,-1,-1;TIPO_ROCA "TIPO_ROCA" true true false 254 Text 0 0 ,First,#,Merge_40_edo,TIPO_ROCA,-1,-1;ROCA "ROCA" true true false 254 Text 0 0 ,First,#,Merge_40_edo,ROCA,-1,-1;METODO "METODO" true true false 254 Text 0 0 ,First,#,Merge_40_edo,METODO,-1,-1;MINERAL "MINERAL" true true false 254 Text 0 0 ,First,#,Merge_40_edo,MINERAL,-1,-1;EDAD_MA "EDAD_MA" true true false 254 Text 0 0 ,First,#,Merge_40_edo,EDAD_MA,-1,-1;ERROR "ERROR" true true false 8 Double 8 38 ,First,#,Merge_40_edo,ERROR,-1,-1;TIPO_EDAD "TIPO_EDAD" true true false 254 Text 0 0 ,First,#,Merge_40_edo,TIPO_EDAD,-1,-1;HEREDADOS "HEREDADOS" true true false 254 Text 0 0 ,First,#,Merge_40_edo,HEREDADOS,-1,-1;REFERENCIA "REFERENCIA" true true false 254 Text 0 0 ,First,#,Merge_40_edo,REFERENCIA,-1,-1;UNIDAD "UNIDAD" true true false 254 Text 0 0 ,First,#,Merge_40_edo,UNIDAD,-1,-1;LOC_TIPO "LOC_TIPO" true true false 254 Text 0 0 ,First,#,Merge_40_edo,LOC_TIPO,-1,-1;OBSERVA "OBSERVA" true true false 254 Text 0 0 ,First,#,Merge_40_edo,OBSERVA,-1,-1;PROYE "PROYE" true true false 254 Text 0 0 ,First,#,Merge_40_edo,PROYE,-1,-1;Y_ORG "Y_ORG" true true false 254 Text 0 0 ,First,#;X_ORG "X_ORG" true true false 254 Text 0 0 ,First,#;EDAD_MA_ET "EDAD_MA_ET" true true false 254 Text 0 0 ,First,#;CLAV_AGERE "CLAV_AGERE" true true false 254 Text 0 0 ,First,#;PDF "PDF" true true false 100 Text 0 0 ,First,#;CLASIFICACION "CLASIFICACION" true true false 60 Text 0 0 ,First,#,Merge_40_edo,CLASIFICAC,-1,-1;CARTA50 "CARTA50" true true false 150 Text 0 0 ,First,#,Merge_40_edo,CARTA_50,-1,-1;CARTA250 "CARTA250" true true false 150 Text 0 0 ,First,#,Merge_40_edo,CARTA_250,-1,-1;TABLACRONO "TABLACRONO" true true false 250 Text 0 0 ,First,#,Merge_40_edo,TABLACRONO,-1,-1;SE_ANNO_CAD_DATA "SE_ANNO_CAD_DATA" true true false 0 Blob 0 0 ,First,#" #</Process><Process ToolSource="c:\program files (x86)\arcgis\desktop10.8\ArcToolbox\Toolboxes\Data Management Tools.tbx\CalculateField" Date="20250710" Time="152440">CalculateField CartaGeocronologica LATITUD [LAT] VB #</Process><Process ToolSource="c:\program files (x86)\arcgis\desktop10.8\ArcToolbox\Toolboxes\Data Management Tools.tbx\CalculateField" Date="20250710" Time="152451">CalculateField CartaGeocronologica LONGITUD [LONG_] VB #</Process></lineage><itemProps><itemName Sync="TRUE">DATOS_GEOINFOMEX.edadResp</itemName><imsContentType Sync="TRUE">002</imsContentType><itemSize Sync="TRUE">0.000</itemSize><itemLocation><linkage Sync="TRUE">Server=geobd; Service=sde:oracle$geobd; User=datos_geoinfomex; Version=SDE.DEFAULT</linkage><protocol Sync="TRUE">ArcSDE Connection</protocol></itemLocation></itemProps><coordRef><type Sync="TRUE">Projected</type><geogcsn Sync="TRUE">GCS_ITRF_2008</geogcsn><csUnits Sync="TRUE">Linear Unit: Meter (1.000000)</csUnits><peXml Sync="TRUE">&lt;ProjectedCoordinateSystem xsi:type='typens:ProjectedCoordinateSystem' xmlns:xsi='http://www.w3.org/2001/XMLSchema-instance' xmlns:xs='http://www.w3.org/2001/XMLSchema' xmlns:typens='http://www.esri.com/schemas/ArcGIS/10.6'&gt;&lt;WKT&gt;PROJCS[&amp;quot;ITRF_2008_LCC_MEXICO&amp;quot;,GEOGCS[&amp;quot;GCS_ITRF_2008&amp;quot;,DATUM[&amp;quot;D_ITRF_2008&amp;quot;,SPHEROID[&amp;quot;GRS_1980&amp;quot;,6378137.0,298.257222101]],PRIMEM[&amp;quot;Greenwich&amp;quot;,0.0],UNIT[&amp;quot;Degree&amp;quot;,0.0174532925199433]],PROJECTION[&amp;quot;Lambert_Conformal_Conic&amp;quot;],PARAMETER[&amp;quot;False_Easting&amp;quot;,2500000.0],PARAMETER[&amp;quot;False_Northing&amp;quot;,0.0],PARAMETER[&amp;quot;Central_Meridian&amp;quot;,-102.0],PARAMETER[&amp;quot;Standard_Parallel_1&amp;quot;,17.5],PARAMETER[&amp;quot;Standard_Parallel_2&amp;quot;,29.5],PARAMETER[&amp;quot;Latitude_Of_Origin&amp;quot;,12.0],UNIT[&amp;quot;Meter&amp;quot;,1.0]]&lt;/WKT&gt;&lt;XOrigin&gt;-37031600&lt;/XOrigin&gt;&lt;YOrigin&gt;-25743800&lt;/YOrigin&gt;&lt;XYScale&gt;10000&lt;/XYScale&gt;&lt;ZOrigin&gt;0&lt;/ZOrigin&gt;&lt;ZScale&gt;1&lt;/ZScale&gt;&lt;MOrigin&gt;0&lt;/MOrigin&gt;&lt;MScale&gt;1&lt;/MScale&gt;&lt;XYTolerance&gt;0.001&lt;/XYTolerance&gt;&lt;ZTolerance&gt;0.001&lt;/ZTolerance&gt;&lt;MTolerance&gt;0.001&lt;/MTolerance&gt;&lt;HighPrecision&gt;true&lt;/HighPrecision&gt;&lt;/ProjectedCoordinateSystem&gt;</peXml><projcsn Sync="TRUE">ITRF_2008_LCC_MEXICO</projcsn></coordRef></DataProperties><SyncDate>20210204</SyncDate><SyncTime>18204000</SyncTime><ModDate>20210204</ModDate><ModTime>18204000</ModTime></Esri><dataIdInfo><envirDesc Sync="TRUE"> Version 6.2 (Build 9200) ; Esri ArcGIS 10.6.0.8321</envirDesc><dataLang><languageCode value="spa" Sync="TRUE"></languageCode><countryCode value="MEX" Sync="TRUE"></countryCode></dataLang><idCitation><resTitle Sync="TRUE">DATOS_GEOINFOMEX.edadResp</resTitle><presForm><PresFormCd value="005" Sync="TRUE"></PresFormCd></presForm></idCitation><spatRpType><SpatRepTypCd value="001" Sync="TRUE"></SpatRepTypCd></spatRpType></dataIdInfo><mdLang><languageCode value="spa" Sync="TRUE"></languageCode><countryCode value="MEX" Sync="TRUE"></countryCode></mdLang><mdChar><CharSetCd value="004" Sync="TRUE"></CharSetCd></mdChar><distInfo><distFormat><formatName Sync="TRUE">SDE Feature Class</formatName></distFormat><distTranOps><transSize Sync="TRUE">0.000</transSize></distTranOps></distInfo><mdHrLv><ScopeCd value="005" Sync="TRUE"></ScopeCd></mdHrLv><mdHrLvName Sync="TRUE">dataset</mdHrLvName><refSysInfo><RefSystem><refSysID><identCode code="0" Sync="TRUE"></identCode><idCodeSpace Sync="TRUE">EPSG</idCodeSpace><idVersion Sync="TRUE">6.14(3.0.1)</idVersion></refSysID></RefSystem></refSysInfo><spatRepInfo><VectSpatRep><geometObjs Name="DATOS_GEOINFOMEX.edadResp"><geoObjTyp><GeoObjTypCd value="004" Sync="TRUE"></GeoObjTypCd></geoObjTyp><geoObjCnt Sync="TRUE">0</geoObjCnt></geometObjs><topLvl><TopoLevCd value="001" Sync="TRUE"></TopoLevCd></topLvl></VectSpatRep></spatRepInfo><spdoinfo><ptvctinf><esriterm Name="DATOS_GEOINFOMEX.edadResp"><efeatyp Sync="TRUE">Simple</efeatyp><efeageom code="1" Sync="TRUE"></efeageom><esritopo Sync="TRUE">FALSE</esritopo><efeacnt Sync="TRUE">0</efeacnt><spindex Sync="TRUE">TRUE</spindex><linrefer Sync="TRUE">FALSE</linrefer></esriterm></ptvctinf></spdoinfo><eainfo><detailed Name="DATOS_GEOINFOMEX.edadResp"><enttyp><enttypl Sync="TRUE">DATOS_GEOINFOMEX.edadResp</enttypl><enttypt Sync="TRUE">Feature Class</enttypt><enttypc Sync="TRUE">0</enttypc></enttyp><attr><attrlabl Sync="TRUE">OBJECTID</attrlabl><attalias Sync="TRUE">OBJECTID</attalias><attrtype Sync="TRUE">OID</attrtype><attwidth Sync="TRUE">4</attwidth><atprecis Sync="TRUE">10</atprecis><attscale Sync="TRUE">0</attscale><attrdef Sync="TRUE">Internal feature number.</attrdef><attrdefs Sync="TRUE">Esri</attrdefs><attrdomv><udom Sync="TRUE">Sequential unique whole numbers that are automatically generated.</udom></attrdomv></attr><attr><attrlabl Sync="TRUE">Shape</attrlabl><attalias Sync="TRUE">SHAPE</attalias><attrtype Sync="TRUE">Geometry</attrtype><attwidth Sync="TRUE">4</attwidth><atprecis Sync="TRUE">0</atprecis><attscale Sync="TRUE">0</attscale><attrdef Sync="TRUE">Feature geometry.</attrdef><attrdefs Sync="TRUE">Esri</attrdefs><attrdomv><udom Sync="TRUE">Coordinates defining the features.</udom></attrdomv></attr><attr><attrlabl Sync="TRUE">DES_CLAV</attrlabl><attalias Sync="TRUE">DES_CLAV</attalias><attrtype Sync="TRUE">String</attrtype><attwidth Sync="TRUE">254</attwidth><atprecis Sync="TRUE">0</atprecis><attscale Sync="TRUE">0</attscale></attr><attr><attrlabl Sync="TRUE">RANGO_MA</attrlabl><attalias Sync="TRUE">RANGO_MA</attalias><attrtype Sync="TRUE">String</attrtype><attwidth Sync="TRUE">254</attwidth><atprecis Sync="TRUE">0</atprecis><attscale Sync="TRUE">0</attscale></attr><attr><attrlabl Sync="TRUE">NUMERO</attrlabl><attalias Sync="TRUE">NUMERO</attalias><attrtype Sync="TRUE">Double</attrtype><attwidth Sync="TRUE">8</attwidth><atprecis Sync="TRUE">38</atprecis><attscale Sync="TRUE">8</attscale></attr><attr><attrlabl Sync="TRUE">MUESTRA</attrlabl><attalias Sync="TRUE">MUESTRA</attalias><attrtype Sync="TRUE">String</attrtype><attwidth Sync="TRUE">254</attwidth><atprecis Sync="TRUE">0</atprecis><attscale Sync="TRUE">0</attscale></attr><attr><attrlabl Sync="TRUE">LONG_</attrlabl><attalias Sync="TRUE">LONG_</attalias><attrtype Sync="TRUE">Double</attrtype><attwidth Sync="TRUE">8</attwidth><atprecis Sync="TRUE">38</atprecis><attscale Sync="TRUE">8</attscale></attr><attr><attrlabl Sync="TRUE">ESTADO</attrlabl><attalias Sync="TRUE">ESTADO</attalias><attrtype Sync="TRUE">String</attrtype><attwidth Sync="TRUE">254</attwidth><atprecis Sync="TRUE">0</atprecis><attscale Sync="TRUE">0</attscale></attr><attr><attrlabl Sync="TRUE">LAT</attrlabl><attalias Sync="TRUE">LAT</attalias><attrtype Sync="TRUE">Double</attrtype><attwidth Sync="TRUE">8</attwidth><atprecis Sync="TRUE">38</atprecis><attscale Sync="TRUE">8</attscale></attr><attr><attrlabl Sync="TRUE">X_WGS84</attrlabl><attalias Sync="TRUE">X_WGS84</attalias><attrtype Sync="TRUE">String</attrtype><attwidth Sync="TRUE">254</attwidth><atprecis Sync="TRUE">0</atprecis><attscale Sync="TRUE">0</attscale></attr><attr><attrlabl Sync="TRUE">Y_WGS84</attrlabl><attalias Sync="TRUE">Y_WGS84</attalias><attrtype Sync="TRUE">String</attrtype><attwidth Sync="TRUE">254</attwidth><atprecis Sync="TRUE">0</atprecis><attscale Sync="TRUE">0</attscale></attr><attr><attrlabl Sync="TRUE">CARTA_250</attrlabl><attalias Sync="TRUE">CARTA_250</attalias><attrtype Sync="TRUE">String</attrtype><attwidth Sync="TRUE">254</attwidth><atprecis Sync="TRUE">0</atprecis><attscale Sync="TRUE">0</attscale></attr><attr><attrlabl Sync="TRUE">CARTA_50</attrlabl><attalias Sync="TRUE">CARTA_50</attalias><attrtype Sync="TRUE">String</attrtype><attwidth Sync="TRUE">254</attwidth><atprecis Sync="TRUE">0</atprecis><attscale Sync="TRUE">0</attscale></attr><attr><attrlabl Sync="TRUE">TIPO_ROCA</attrlabl><attalias Sync="TRUE">TIPO_ROCA</attalias><attrtype Sync="TRUE">String</attrtype><attwidth Sync="TRUE">254</attwidth><atprecis Sync="TRUE">0</atprecis><attscale Sync="TRUE">0</attscale></attr><attr><attrlabl Sync="TRUE">ROCA</attrlabl><attalias Sync="TRUE">ROCA</attalias><attrtype Sync="TRUE">String</attrtype><attwidth Sync="TRUE">254</attwidth><atprecis Sync="TRUE">0</atprecis><attscale Sync="TRUE">0</attscale></attr><attr><attrlabl Sync="TRUE">METODO</attrlabl><attalias Sync="TRUE">METODO</attalias><attrtype Sync="TRUE">String</attrtype><attwidth Sync="TRUE">254</attwidth><atprecis Sync="TRUE">0</atprecis><attscale Sync="TRUE">0</attscale></attr><attr><attrlabl Sync="TRUE">MINERAL</attrlabl><attalias Sync="TRUE">MINERAL</attalias><attrtype Sync="TRUE">String</attrtype><attwidth Sync="TRUE">254</attwidth><atprecis Sync="TRUE">0</atprecis><attscale Sync="TRUE">0</attscale></attr><attr><attrlabl Sync="TRUE">EDAD_MA</attrlabl><attalias Sync="TRUE">EDAD_MA</attalias><attrtype Sync="TRUE">String</attrtype><attwidth Sync="TRUE">254</attwidth><atprecis Sync="TRUE">0</atprecis><attscale Sync="TRUE">0</attscale></attr><attr><attrlabl Sync="TRUE">ERROR</attrlabl><attalias Sync="TRUE">ERROR</attalias><attrtype Sync="TRUE">Double</attrtype><attwidth Sync="TRUE">8</attwidth><atprecis Sync="TRUE">38</atprecis><attscale Sync="TRUE">8</attscale></attr><attr><attrlabl Sync="TRUE">TIPO_EDAD</attrlabl><attalias Sync="TRUE">TIPO_EDAD</attalias><attrtype Sync="TRUE">String</attrtype><attwidth Sync="TRUE">254</attwidth><atprecis Sync="TRUE">0</atprecis><attscale Sync="TRUE">0</attscale></attr><attr><attrlabl Sync="TRUE">HEREDADOS</attrlabl><attalias Sync="TRUE">HEREDADOS</attalias><attrtype Sync="TRUE">String</attrtype><attwidth Sync="TRUE">254</attwidth><atprecis Sync="TRUE">0</atprecis><attscale Sync="TRUE">0</attscale></attr><attr><attrlabl Sync="TRUE">REFERENCIA</attrlabl><attalias Sync="TRUE">REFERENCIA</attalias><attrtype Sync="TRUE">String</attrtype><attwidth Sync="TRUE">254</attwidth><atprecis Sync="TRUE">0</atprecis><attscale Sync="TRUE">0</attscale></attr><attr><attrlabl Sync="TRUE">UNIDAD</attrlabl><attalias Sync="TRUE">UNIDAD</attalias><attrtype Sync="TRUE">String</attrtype><attwidth Sync="TRUE">254</attwidth><atprecis Sync="TRUE">0</atprecis><attscale Sync="TRUE">0</attscale></attr><attr><attrlabl Sync="TRUE">LOC_TIPO</attrlabl><attalias Sync="TRUE">LOC_TIPO</attalias><attrtype Sync="TRUE">String</attrtype><attwidth Sync="TRUE">254</attwidth><atprecis Sync="TRUE">0</atprecis><attscale Sync="TRUE">0</attscale></attr><attr><attrlabl Sync="TRUE">OBSERVA</attrlabl><attalias Sync="TRUE">OBSERVA</attalias><attrtype Sync="TRUE">String</attrtype><attwidth Sync="TRUE">254</attwidth><atprecis Sync="TRUE">0</atprecis><attscale Sync="TRUE">0</attscale></attr><attr><attrlabl Sync="TRUE">PROYE</attrlabl><attalias Sync="TRUE">PROYE</attalias><attrtype Sync="TRUE">String</attrtype><attwidth Sync="TRUE">254</attwidth><atprecis Sync="TRUE">0</atprecis><attscale Sync="TRUE">0</attscale></attr><attr><attrlabl Sync="TRUE">Y_ORG</attrlabl><attalias Sync="TRUE">Y_ORG</attalias><attrtype Sync="TRUE">String</attrtype><attwidth Sync="TRUE">254</attwidth><atprecis Sync="TRUE">0</atprecis><attscale Sync="TRUE">0</attscale></attr><attr><attrlabl Sync="TRUE">X_ORG</attrlabl><attalias Sync="TRUE">X_ORG</attalias><attrtype Sync="TRUE">String</attrtype><attwidth Sync="TRUE">254</attwidth><atprecis Sync="TRUE">0</atprecis><attscale Sync="TRUE">0</attscale></attr><attr><attrlabl Sync="TRUE">EDAD_MA_ET</attrlabl><attalias Sync="TRUE">EDAD_MA_ET</attalias><attrtype Sync="TRUE">String</attrtype><attwidth Sync="TRUE">254</attwidth><atprecis Sync="TRUE">0</atprecis><attscale Sync="TRUE">0</attscale></attr><attr><attrlabl Sync="TRUE">CLAV_AGERE</attrlabl><attalias Sync="TRUE">CLAV_AGERE</attalias><attrtype Sync="TRUE">String</attrtype><attwidth Sync="TRUE">254</attwidth><atprecis Sync="TRUE">0</atprecis><attscale Sync="TRUE">0</attscale></attr><attr><attrlabl Sync="TRUE">CLASIFICACION</attrlabl><attalias Sync="TRUE">CLASIFICACION</attalias><attrtype Sync="TRUE">String</attrtype><attwidth Sync="TRUE">60</attwidth><atprecis Sync="TRUE">0</atprecis><attscale Sync="TRUE">0</attscale></attr><attr><attrlabl Sync="TRUE">CARTA50</attrlabl><attalias Sync="TRUE">CARTA50</attalias><attrtype Sync="TRUE">String</attrtype><attwidth Sync="TRUE">150</attwidth><atprecis Sync="TRUE">0</atprecis><attscale Sync="TRUE">0</attscale></attr><attr><attrlabl Sync="TRUE">CARTA250</attrlabl><attalias Sync="TRUE">CARTA250</attalias><attrtype Sync="TRUE">String</attrtype><attwidth Sync="TRUE">150</attwidth><atprecis Sync="TRUE">0</atprecis><attscale Sync="TRUE">0</attscale></attr><attr><attrlabl Sync="TRUE">TABLACRONO</attrlabl><attalias Sync="TRUE">TABLACRONO</attalias><attrtype Sync="TRUE">String</attrtype><attwidth Sync="TRUE">250</attwidth><atprecis Sync="TRUE">0</atprecis><attscale Sync="TRUE">0</attscale></attr><attr><attrlabl Sync="TRUE">PDF</attrlabl><attalias Sync="TRUE">PDF</attalias><attrtype Sync="TRUE">String</attrtype><attwidth Sync="TRUE">100</attwidth><atprecis Sync="TRUE">0</atprecis><attscale Sync="TRUE">0</attscale></attr><attr><attrlabl Sync="TRUE">SE_ANNO_CAD_DATA</attrlabl><attalias Sync="TRUE">SE_ANNO_CAD_DATA</attalias><attrtype Sync="TRUE">Blob</attrtype><attwidth Sync="TRUE">0</attwidth><atprecis Sync="TRUE">0</atprecis><attscale Sync="TRUE">0</attscale></attr></detailed></eainfo><mdDateSt Sync="TRUE">20210204</mdDateSt></metadata>
